{"cameraMode":{"drawMode":0,"name":"Shaded","section":"Shading Mode"},"sceneLighting":true,"audioPlay":false,"sceneViewState":{"showFog":true,"showMaterialUpdate":false,"showSkybox":true,"showFlares":true,"showImageEffects":true,"showParticleSystems":true,"showVisualEffectGraphs":true,"m_FxEnabled":true},"in2DMode":false,"pivot":{"x":0.720063328742981,"y":0.1410428285598755,"z":11.023138999938965},"rotation":{"x":0.07640114426612854,"y":0.025421930477023126,"z":-0.0019501990173012019,"w":0.9967561960220337},"size":8.591902732849121,"orthographic":false}